,precision,recall,f1-score,support
중립/안정,0.6504854368932039,0.67,0.6600985221674877,100.0
행복/놀람,0.583941605839416,0.8,0.6751054852320675,100.0
슬픔/두려움,0.927710843373494,0.77,0.8415300546448088,100.0
화남/싫음,0.948051948051948,0.73,0.824858757062147,100.0
accuracy,0.7425,0.7425,0.7425,0.7425
macro avg,0.7775474585395155,0.7425,0.7503982047766278,400.0
weighted avg,0.7775474585395155,0.7425,0.7503982047766278,400.0
