,precision,recall,f1-score,support
행복/놀람,0.1111111111111111,0.043478260869565216,0.0625,23.0
중립/안정,0.17391304347826086,0.7272727272727273,0.2807017543859649,11.0
"슬픔/두려움,화남/싫음",0.0,0.0,0.0,22.0
accuracy,0.16071428571428573,0.16071428571428573,0.16071428571428573,0.16071428571428573
macro avg,0.09500805152979065,0.25691699604743085,0.11440058479532163,56.0
weighted avg,0.07979641131815043,0.16071428571428573,0.08080748746867168,56.0
